Name,Platform,Year,Genre,Publisher,NA_Sales,EU_Sales,JP_Sales,Other_Sales,Global_Sales
Elemental Gearbolt,PS,1997,Shooter,Sony Computer Entertainment,0.03,0.02,0,0,0.06
Final Fantasy VII International,PS,1997,Role-Playing,Square,0,0,0.59,0.04,0.63
Final Fantasy Tactics,PS,1997,Role-Playing,SquareSoft,0.93,0.12,1.34,0.06,2.45
SaGa Frontier,PS,1997,Role-Playing,SquareSoft,0.15,0.04,1.07,0.09,1.35
Chocobo no Fushigi Dungeon,PS,1997,Role-Playing,SquareSoft,0,0,1.14,0.08,1.22
Front Mission 2,PS,1997,Strategy,SquareSoft,0,0,0.49,0.03,0.53
Tobal 2,PS,1997,Fighting,SquareSoft,0,0,0.35,0.02,0.37
Einhänder,PS,1997,Shooter,SquareSoft,0.1,0.07,0.13,0.02,0.31
Final Fantasy IV,PS,1997,Simulation,SquareSoft,0,0,0.29,0.02,0.31
Front Mission Alternative,PS,1997,Strategy,SquareSoft,0,0,0.13,0.01,0.14
Big Bass World Championship,PS,1997,Sports,Starfish,0.2,0.14,0,0.02,0.36
Chameleon Twist,N64,1997,Platform,Sunsoft,0.09,0.02,0,0,0.11
Densha De Go!,PS,1997,Simulation,Taito,0,0,1.02,0.07,1.09
DX Game of Life 2,PS,1997,Misc,Takara,0,0,0.31,0.02,0.33
Choro Q2,PS,1997,Racing,Takara,0,0,0.23,0.02,0.25
Grand Theft Auto,PS,1997,Action,Take-Two Interactive,0.79,1.35,0.04,0.14,2.32
Wheel of Fortune,N64,1997,Misc,Take-Two Interactive,0.2,0.05,0,0,0.25
Space Station Silicon Valley,N64,1997,Adventure,Take-Two Interactive,0.12,0.03,0,0,0.15
Monster Rancher,PS,1997,Simulation,Tecmo Koei,0.12,0.08,0.74,0.07,1.01
Dynasty Warriors,PS,1997,Action,Tecmo Koei,0.09,0.06,0.11,0.02,0.27
Gallop Racer 2: One and Only Road to Victory,PS,1997,Sports,Tecmo Koei,0,0,0.25,0.02,0.27
Asteroids Hyper 64,N64,1999,Shooter,Crave Entertainment,0.13,0.03,0,0,0.16
Galerians,PS,1999,Adventure,Crave Entertainment,0.08,0.06,0,0.01,0.15
Fighting Force 64,N64,1999,Action,Crave Entertainment,0.09,0.02,0,0,0.11
Killer Loop,PS,1999,Racing,Crave Entertainment,0.03,0.02,0,0,0.06
Who wants to be a millionaire,PC,1999,Misc,Disney Interactive Studios,1.94,0,0,0,1.94
Warzone 2100,PS,1999,Strategy,Eidos Interactive,2.79,1.89,0,0.33,5.01
Resident Evil 3: Nemesis,PS,1999,Action,Eidos Interactive,1.3,0.77,1.54,0.11,3.72
Championship Manager 99/00,PC,1999,Sports,Eidos Interactive,0,0.98,0,0.09,1.07
Tomb Raider Chronicles,PS,1999,Action,Eidos Interactive,0.34,0.23,0,0.04,0.61
Fighting Force 2,PS,1999,Action,Eidos Interactive,0.31,0.21,0,0.04,0.55
Gex 3: Deep Cover Gecko,PS,1999,Platform,Eidos Interactive,0.3,0.2,0,0.03,0.53
Urban Chaos,PS,1999,Action,Eidos Interactive,0.06,0.04,0,0.01,0.1
The Misadventures of Tron Bonne,PS,1999,Adventure,Eidos Interactive,0.03,0.02,0,0,0.05
007: Tomorrow Never Dies,PS,1999,Shooter,Electronic Arts,1.72,1.33,0,0.16,3.21
Need For Speed: High Stakes,PS,1999,Racing,Electronic Arts,1.58,0.64,0,0.09,2.31
NASCAR 2000,PS,1999,Racing,Electronic Arts,0.88,0.6,0,0.1,1.59
Triple Play 2000,PS,1999,Sports,Electronic Arts,0.79,0.54,0,0.09,1.43
Knockout Kings 2000,PS,1999,Fighting,Electronic Arts,1.02,0.34,0,0.05,1.41
Hot Wheels Turbo Racing,PS,1999,Racing,Electronic Arts,0.59,0.4,0,0.07,1.07
NCAA Football 2000,PS,1999,Sports,Electronic Arts,0.53,0.36,0,0.06,0.95
Knockout Kings 2000,N64,1999,Fighting,Electronic Arts,0.63,0.27,0,0.02,0.92
WCW Mayhem,N64,1999,Fighting,Electronic Arts,0.63,0.15,0,0.01,0.79
Need for Speed: Porsche Unleashed,PS,1999,Racing,Electronic Arts,0.43,0.29,0,0.05,0.77
Sim Theme Park,PS,1999,Strategy,Electronic Arts,0.35,0.24,0,0.04,0.63
Beetle Adventure Racing!,N64,1999,Racing,Electronic Arts,0.4,0.2,0,0.02,0.62
Madden NFL 2000,N64,1999,Sports,Electronic Arts,0.58,0.02,0,0,0.61
NASCAR 2000,N64,1999,Racing,Electronic Arts,0.49,0.03,0,0,0.53
NBA Live 2000,N64,1999,Sports,Electronic Arts,0.42,0.02,0,0,0.44
Road Rash: Jailbreak,PS,1999,Racing,Electronic Arts,0.22,0.15,0,0.03,0.4
Championship Bass,PS,1999,Sports,Electronic Arts,0.18,0.12,0,0.02,0.32
Hot Wheels Turbo Racing,N64,1999,Racing,Electronic Arts,0.25,0.06,0,0,0.31
Supercross 2000,N64,1999,Racing,Electronic Arts,0.23,0.06,0,0,0.29
Triple Play 2000,N64,1999,Sports,Electronic Arts,0.27,0.01,0,0,0.28
Superbike 2000,PS,1999,Racing,Electronic Arts,0.15,0.1,0,0.02,0.27
NHL Rock the Rink,PS,1999,Sports,Electronic Arts,0.14,0.1,0,0.02,0.26
Dune 2000,PS,1999,Strategy,Electronic Arts,0.14,0.09,0,0.02,0.25
Sports Car GT,PS,1999,Racing,Electronic Arts,0.12,0.08,0,0.01,0.22
WCW Backstage Assault,PS,1999,Action,Electronic Arts,0.12,0.08,0,0.01,0.21
Dungeon Keeper 2,PC,1999,Action,Electronic Arts,0,0.05,0,0.01,0.06
The Longest Journey,PC,1999,Adventure,Empire Interactive,0,0.01,0,0,0.02
Valkyrie Profile,PS,1999,Role-Playing,Enix Corporation,0.07,0.05,0.63,0.05,0.81
Dragon Warrior I&II,GB,1999,Role-Playing,Enix Corporation,0,0,0.77,0,0.77
World of Dragon Warrior - Torneko: The Last Hope,PS,1999,Role-Playing,Enix Corporation,0.02,0.01,0.58,0.04,0.65
Bust A Groove 2,PS,1999,Misc,Enix Corporation,0.04,0.03,0.18,0.02,0.26
Builder's Block,PS,1999,Strategy,EON Digital Entertainment,0.01,0,0,0,0.01
Croc 2,PS,1999,Platform,Fox Interactive,0.41,0.28,0,0.05,0.73
Die Hard Trilogy 2: Viva Las Vegas,PS,1999,Action,Fox Interactive,0.27,0.18,0,0.03,0.49
Armored Core: Master of Arena,PS,1999,Simulation,From Software,0.07,0.05,0.13,0.02,0.26
Tokyo Xtreme Racer,DC,1999,Racing,Genki,0,0,0.17,0,0.17
Driver,PS,1999,Action,GT Interactive,3.11,2.8,0.02,0.33,6.27
40 Winks,PS,1999,Platform,GT Interactive,0.17,0.12,0,0.02,0.31
Duke Nukem: Zero Hour,N64,1999,Shooter,GT Interactive,0.21,0.05,0,0,0.26
Rampage 2: Universal Tour,N64,1999,Action,GT Interactive,0.18,0.04,0,0,0.22
Frogger 2: Swampy's Revenge,PS,1999,Action,Hasbro Interactive,0.8,0.54,0,0.09,1.43
Monopoly,N64,1999,Misc,Hasbro Interactive,0.17,0.04,0,0,0.21
Breakout,PS,1999,Puzzle,Hasbro Interactive,0.06,0.04,0,0.01,0.11
Momotarou Dentetsu V,PS,1999,Misc,Hudson Entertainment,0,0,0.44,0.03,0.47
Bomberman 64: The Second Attack!,N64,1999,Adventure,Hudson Soft,0.05,0.01,0.11,0,0.17
Fire ProWrestling G,PS,1999,Fighting,Human Entertainment,0,0,0.18,0.01,0.19
Zen-Nippon Pro Wrestling: Ouja no Kon,PS,1999,Fighting,Human Entertainment,0,0,0.12,0.01,0.12
Medarot 2: Kabuto / Kuwagata Version,GB,1999,Role-Playing,Imagineer,0,0,0.54,0,0.54
Fighter Destiny 2,N64,1999,Fighting,Imagineer,0.04,0.01,0,0,0.05
Rally Challenge 2000,N64,1999,Racing,Imagineer,0.03,0.01,0,0,0.04
Mission: Impossible,PS,1999,Action,Infogrames,0.29,0.2,0,0.03,0.52
Bugs Bunny: Lost in Time,PS,1999,Platform,Infogrames,0.22,0.15,0,0.03,0.4
Gekido,PS,1999,Fighting,Infogrames,0.06,0.04,0,0.01,0.1
Expendable,PS,1999,Action,Infogrames,0.03,0.02,0,0,0.05
Test Drive Le Mans,PS,1999,Racing,Infogrames,0.03,0.02,0,0,0.05
Worms Armageddon,N64,1999,Strategy,Infogrames,0.03,0.01,0,0,0.04
Earthworm Jim 3D,N64,1999,Platform,Interplay,0.1,0.02,0,0,0.12
Interplay Sports Baseball 2000,PS,1999,Sports,Interplay,0.03,0.02,0,0,0.06
Renegade Racers,PS,1999,Racing,Interplay,0.01,0.01,0,0,0.03
Vanark,PS,1999,Shooter,Jaleco,0.01,0.01,0,0,0.01
K-1 Grand Prix,PS,1999,Fighting,Jaleco,0.01,0.01,0,0,0.01
Hamster Tarou,GB,1999,Simulation,Jorudan,0,0,0.3,0,0.3
RayCrisis: Series Termination,PS,1999,Shooter,JVC,0.01,0.01,0,0,0.02
Lunar 2: Eternal Blue Complete,PS,1999,Role-Playing,Kadokawa Shoten,0.19,0.13,0,0.02,0.35
Top Gear Rally 2,N64,1999,Racing,Kemco,0.09,0.02,0,0,0.11
Shadowgate 64: Trials of the Four Towers,N64,1999,Adventure,Kemco,0.06,0.01,0,0,0.07
Top Gear Hyper-Bike,N64,1999,Racing,Kemco,0.05,0.01,0,0,0.06
Charlie Blasts Territory,N64,1999,Action,Kemco,0.02,0.01,0,0,0.03
Yu-Gi-Oh! Forbidden Memories,PS,1999,Role-Playing,Konami Digital Entertainment,1.37,0.44,0,0.08,1.88
Silent Hill,PS,1999,Action,Konami Digital Entertainment,0.71,0.48,0.3,0.1,1.6
Dance Dance Revolution (Japan),PS,1999,Simulation,Konami Digital Entertainment,0,0,1.26,0.09,1.35
Championship Manager Season 01/02,PC,2001,Sports,Eidos Interactive,0,0.03,0,0.01,0.03
Harry Potter and the Sorcerer's Stone,PS,2001,Action,Electronic Arts,1.37,2,0.14,0.22,3.73
The Simpsons: Road Rage,PS2,2001,Racing,Electronic Arts,2.02,1.17,0,0.42,3.61
James Bond 007: Agent Under Fire,PS2,2001,Shooter,Electronic Arts,1.9,1.13,0.1,0.41,3.53
Madden NFL 2002,PS2,2001,Sports,Electronic Arts,2.5,0.16,0.01,0.42,3.08
NBA Street,PS2,2001,Sports,Electronic Arts,2.19,0.22,0,0.38,2.79
Sky Gunner,PS2,2001,Action,Sony Computer Entertainment,0.04,0.03,0,0.01,0.07
Tsugunai: Atonement,PS2,2001,Role-Playing,Sony Computer Entertainment,0.02,0.01,0.02,0,0.06
Rez,PS2,2001,Shooter,Sony Computer Entertainment,0.03,0.02,0,0.01,0.05
Rimo-Cocoron,PS2,2001,Action,Sony Computer Entertainment,0,0,0.05,0,0.05
Ace Combat 04: Shattered Skies,PS2,2001,Simulation,Sony Computer Entertainment Europe,2.06,0.56,0.38,0.17,3.17
Space Venus starring Morning Musume,PS2,2001,Misc,Sony Music Entertainment,0,0,0.14,0,0.14
Fire ProWrestling,GBA,2001,Fighting,Spike,0.09,0.03,0,0,0.13
Final Fantasy Chronicles,PS,2001,Role-Playing,Square,0.29,0.2,0,0.03,0.52
Final Fantasy II,WS,2001,Role-Playing,SquareSoft,0,0,0.25,0,0.25
American Bass Challenge,GBA,2001,Sports,Starfish,0.03,0.01,0,0,0.05
Cossacks: European Wars,PC,2001,Strategy,Strategy First,0,0.02,0,0,0.03
Chess,PS,2001,Strategy,Success,0.05,0.04,0,0.01,0.09
Hidden Invasion,PS2,2001,Shooter,Swing! Entertainment,0.04,0.03,0,0.01,0.08
Legends of Wrestling II,GC,2002,Fighting,Acclaim Entertainment,0.09,0.02,0,0,0.12
Turok: Evolution,GBA,2002,Shooter,Acclaim Entertainment,0.08,0.03,0,0,0.12
NBA Jam 2002,GBA,2002,Sports,Acclaim Entertainment,0.08,0.03,0,0,0.11
18 Wheeler: American Pro Trucker,GC,2002,Racing,Acclaim Entertainment,0.09,0.02,0,0,0.11
BMX XXX,XB,2002,Sports,Acclaim Entertainment,0.08,0.02,0,0,0.11
Legends of Wrestling II,GBA,2002,Fighting,Acclaim Entertainment,0.05,0.02,0,0,0.07
BMX XXX,GC,2002,Sports,Acclaim Entertainment,0.05,0.01,0,0,0.06
Aggressive Inline,XB,2002,Sports,Acclaim Entertainment,0.05,0.01,0,0,0.06
Aggressive Inline,GC,2002,Sports,Acclaim Entertainment,0.04,0.01,0,0,0.06
ZooCube,GBA,2002,Puzzle,Acclaim Entertainment,0.03,0.01,0,0,0.05
Punch King,GBA,2002,Fighting,Acclaim Entertainment,0.03,0.01,0,0,0.05
Dave Mirra Freestyle BMX 3,GBA,2002,Sports,Acclaim Entertainment,0.02,0.01,0,0,0.03
ZooCube,GC,2002,Puzzle,Acclaim Entertainment,0.02,0,0,0,0.02
Spider-Man: The Movie,PS2,2002,Action,Activision,2.71,1.51,0.03,0.23,4.48
Tony Hawk's Pro Skater 4,PS2,2002,Sports,Activision,2.13,1.18,0.01,0.35,3.67
Cabela's Big Game Hunter,PS2,2002,Sports,Activision,0.7,0.54,0,0.18,1.42
Spider-Man: The Movie,XB,2002,Action,Activision,1.07,0.28,0,0.05,1.4
Spider-Man: The Movie,GBA,2002,Action,Activision,0.92,0.35,0.01,0.05,1.33
Spider-Man: The Movie,GC,2002,Action,Activision,0.86,0.27,0.01,0.04,1.19
Tony Hawk's Pro Skater 4,XB,2002,Sports,Activision,0.59,0.3,0,0.04,0.93
Street Hoops,PS2,2002,Sports,Activision,0.45,0.35,0,0.12,0.91
Tony Hawk's Pro Skater 4,GC,2002,Sports,Activision,0.45,0.12,0,0.02,0.58
Tony Hawk's Pro Skater 4,GBA,2002,Sports,Activision,0.41,0.15,0,0.01,0.57
Wreckless: ThE YaKuza MisSiOns,XB,2002,Racing,Activision,0.42,0.11,0.02,0.02,0.57
Tony Hawk's Pro Skater 3,XB,2002,Sports,Activision,0.34,0.18,0,0.02,0.55
Tony Hawk's Pro Skater 3,GBA,2002,Sports,Activision,0.37,0.14,0,0.01,0.52
Activision Anthology,PS2,2002,Misc,Activision,0.25,0.19,0,0.06,0.5
Star Wars: Jedi Starfighter,PS2,2002,Simulation,Activision,0.24,0.19,0,0.06,0.5
X-Men: Next Dimension,PS2,2002,Fighting,Activision,0.23,0.18,0,0.06,0.47
Mat Hoffman's Pro BMX 2,PS2,2002,Sports,Activision,0.23,0.18,0,0.06,0.46
Stuart Little 2,GBA,2002,Platform,Activision,0.33,0.12,0,0.01,0.46
Star Wars: Jedi Starfighter,XB,2002,Simulation,Activision,0.35,0.07,0,0.02,0.44
Minority Report: Everybody Runs,PS2,2002,Action,Activision,0.2,0.15,0,0.05,0.41
Star Wars: Clone Wars,GC,2002,Shooter,Activision,0.31,0.08,0,0.01,0.4
Disney's Tarzan: Return to the Jungle,GBA,2002,Action,Activision,0.25,0.09,0,0.01,0.35
Kelly Slater's Pro Surfer,PS2,2002,Sports,Activision,0.16,0.13,0,0.04,0.33
Blade II,PS2,2002,Action,Activision,0.15,0.12,0,0.04,0.31
Street Hoops,XB,2002,Sports,Activision,0.21,0.06,0,0.01,0.28
Star Wars Jedi Knight II: Jedi Outcast,GC,2002,Shooter,Activision,0.18,0.05,0,0.01,0.23
Wreckless: ThE YaKuza MisSiOns,PS2,2002,Racing,Activision,0.11,0.08,0,0.03,0.22
Mat Hoffman's Pro BMX 2,XB,2002,Sports,Activision,0.15,0.04,0,0.01,0.2
Gungrave,PS2,2002,Shooter,Activision,0.09,0.07,0,0.02,0.19
Bloody Roar: Primal Fury,GC,2002,Fighting,Activision,0.14,0.04,0,0,0.18
Lost Kingdoms,GC,2002,Role-Playing,Activision,0.1,0.02,0.04,0,0.17
Mat Hoffman's Pro BMX 2,GBA,2002,Sports,Activision,0.11,0.04,0,0,0.16
Blade II,XB,2002,Action,Activision,0.1,0.03,0,0,0.13
Rally Fusion: Race of Champions,PS2,2002,Racing,Activision,0.06,0.05,0,0.02,0.13
Kelly Slater's Pro Surfer,GBA,2002,Sports,Activision,0.09,0.03,0,0,0.13
X-Men: Next Dimension,GC,2002,Fighting,Activision,0.1,0.03,0,0,0.13
XXX,GBA,2002,Action,Activision,0.08,0.03,0,0,0.11
X-Men: Next Dimension,XB,2002,Fighting,Activision,0.08,0.02,0,0,0.11
Space Invaders,GBA,2002,Shooter,Activision,0.08,0.03,0,0,0.11
Minority Report: Everybody Runs,GC,2002,Action,Activision,0.08,0.02,0,0,0.1
Kelly Slater's Pro Surfer,XB,2002,Sports,Activision,0.08,0.02,0,0,0.1
Minority Report: Everybody Runs,XB,2002,Action,Activision,0.07,0.02,0,0,0.1
Tony Hawk's Pro Skater 3,N64,2002,Sports,Activision,0.06,0.02,0,0,0.08
Kelly Slater's Pro Surfer,GC,2002,Sports,Activision,0.05,0.01,0,0,0.06
Wreckless: ThE YaKuza MisSiOns,GC,2002,Racing,Activision,0.04,0.01,0,0,0.06
Rally Fusion: Race of Champions,XB,2002,Racing,Activision,0.04,0.01,0,0,0.05
The Invincible Iron Man,GBA,2002,Action,Activision,0.03,0.01,0,0,0.04
Mat Hoffman's Pro BMX 2,GC,2002,Sports,Activision,0.03,0.01,0,0,0.04
Doom II: Hell on Earth,GBA,2002,Shooter,Activision,0.03,0.01,0,0,0.04
Minority Report: Everybody Runs,GBA,2002,Action,Activision,0.03,0.01,0,0,0.04
Cabela's Big Game Hunter,GBA,2002,Sports,Activision Value,0.07,0.02,0,0,0.09
Fisherman's Bass Club,PS2,2002,Sports,Agetec,0.53,0.41,0,0.14,1.08
Disaster Report,PS2,2002,Action,Agetec,0.03,0.02,0.15,0.01,0.21
Technic Beat,PS2,2002,Misc,Arika,0.01,0.01,0,0,0.02
Dragon Ball Z: Budokai,PS2,2002,Fighting,Atari,2.17,0.28,0.55,0.08,3.09
Stuntman,PS2,2002,Racing,Atari,0.76,0.59,0,0.2,1.55
Super Monkey Ball 2,GC,2002,Puzzle,Atari,1.11,0.31,0.06,0.04,1.52
Test Drive,PS2,2002,Racing,Atari,0.95,0.21,0.01,0.18,1.34
NFL 2K3,PS2,2002,Sports,Atari,1.06,0.08,0,0.18,1.32
.hack//Infection Part 1,PS2,2002,Role-Playing,Atari,0.49,0.38,0.26,0.13,1.27
RollerCoaster Tycoon 2,PC,2002,Strategy,Atari,1.19,0.05,0,0,1.25
Unlimited Saga,PS2,2002,Role-Playing,Atari,0.1,0.08,0.56,0.03,0.77
Unreal Championship,XB,2002,Shooter,Atari,0.59,0.12,0,0.03,0.74
Super Monkey Ball Jr.,GBA,2002,Puzzle,Atari,0.51,0.19,0,0.01,0.72
Godzilla: Destroy All Monsters Melee,GC,2002,Fighting,Atari,0.55,0.14,0,0.02,0.71
.hack//Mutation Part 2,PS2,2002,Role-Playing,Atari,0.23,0.18,0.2,0.06,0.68
.hack//Outbreak Part 3,PS2,2002,Role-Playing,Atari,0.14,0.11,0.17,0.04,0.46
Backyard Baseball,GBA,2002,Sports,Atari,0.31,0.11,0,0.01,0.43
Superman: Shadow of Apokolips,PS2,2002,Action,Atari,0.21,0.16,0,0.05,0.42
Test Drive,XB,2002,Racing,Atari,0.35,0.05,0,0.02,0.42
The Terminator: Dawn of Fate,PS2,2002,Action,Atari,0.2,0.16,0,0.05,0.41
Driver 2 Advance,GBA,2002,Action,Atari,0.25,0.09,0,0.01,0.34
Sega Smash Pack,GBA,2002,Misc,Atari,0.23,0.08,0,0.01,0.32
Godzilla: Domination!,GBA,2002,Fighting,Atari,0.2,0.07,0,0.01,0.28
Dungeons & Dragons: Eye of the Beholder,GBA,2002,Role-Playing,Atari,0.19,0.07,0,0,0.26
Nickelodeon Party Blast,GC,2002,Misc,Atari,0.19,0.05,0,0.01,0.25
Skies of Arcadia Legends,GC,2002,Role-Playing,Atari,0.17,0.04,0,0.01,0.22
BeyBlade VForce: Super Tournament Battle,GC,2002,Action,Atari,0.16,0.04,0,0.01,0.21
Transworld Surf,PS2,2002,Sports,Atari,0.09,0.07,0,0.02,0.19
Atari Anniversary Advance,GBA,2002,Misc,Atari,0.13,0.05,0,0,0.18
Virtua Tennis,GBA,2002,Sports,Atari,0.13,0.05,0,0,0.18
Taz Wanted,PS2,2002,Platform,Atari,0.08,0.06,0,0.02,0.16
The Terminator: Dawn of Fate,XB,2002,Action,Atari,0.11,0.03,0,0.01,0.15
Micro Machines,PS2,2002,Racing,Atari,0.07,0.05,0,0.02,0.14
Shining Soul,GBA,2002,Role-Playing,Atari,0.03,0.01,0.09,0,0.14
Superman: The Man of Steel,XB,2002,Action,Atari,0.1,0.03,0,0,0.13
SplashDown,XB,2002,Racing,Atari,0.09,0.02,0,0,0.11
Deus Ex: The Conspiracy,PS2,2002,Action,Eidos Interactive,0.1,0.08,0,0.03,0.21
Blood Omen 2,XB,2002,Action,Eidos Interactive,0.14,0.04,0,0.01,0.19
Commandos 2: Men of Courage,PS2,2002,Strategy,Eidos Interactive,0.09,0.07,0,0.02,0.18
Salt Lake 2002,PS2,2002,Sports,Eidos Interactive,0.07,0.05,0,0.02,0.14
E·O·E: Eve of Extinction,PS2,2002,Fighting,Eidos Interactive,0.04,0.03,0.02,0.01,0.1
Swingerz Golf,GC,2002,Sports,Eidos Interactive,0.06,0.02,0,0,0.08
Commandos 2: Men of Courage,XB,2002,Strategy,Eidos Interactive,0.05,0.02,0,0,0.07
Blood Omen 2,GC,2002,Action,Eidos Interactive,0.04,0.01,0,0,0.05
Medal of Honor: Frontline,PS2,2002,Shooter,Electronic Arts,2.93,2.75,0.17,0.99,6.83
The Lord of the Rings: The Two Towers,PS2,2002,Action,Electronic Arts,1.94,1.95,0.08,0.7,4.67
Madden NFL 2003,PS2,2002,Sports,Electronic Arts,3.36,0.21,0.01,0.56,4.14
The Sims: Unleashed,PC,2002,Simulation,Electronic Arts,2.03,1.56,0,0.17,3.76
FIFA Soccer 2003,PS2,2002,Sports,Electronic Arts,0.46,2.28,0.05,0.61,3.4
James Bond 007: Nightfire,PS2,2002,Shooter,Electronic Arts,1.45,1.29,0.12,0.46,3.33
The Sims: Vacation,PC,2002,Simulation,Electronic Arts,1.72,1.21,0,0.14,3.07
Harry Potter and the Chamber of Secrets,PS2,2002,Action,Electronic Arts,0.9,1.22,0.04,0.44,2.61
Need for Speed: Hot Pursuit 2,PS2,2002,Racing,Electronic Arts,1.68,0.31,0.02,0.09,2.11
Harry Potter and the Chamber of Secrets,GBA,2002,Action,Electronic Arts,1.21,0.64,0.05,0.09,1.99
Harry Potter and the Chamber of Secrets,PS,2002,Action,Electronic Arts,0.75,1.09,0.02,0.12,1.98
NBA Live 2003,PS2,2002,Sports,Electronic Arts,1.25,0.15,0.03,0.22,1.66
Tiger Woods PGA Tour 2003,PS2,2002,Sports,Electronic Arts,0.8,0.63,0,0.21,1.64
The Simpsons Skateboarding,PS2,2002,Sports,Electronic Arts,0.36,0.9,0,0.27,1.52
Medal of Honor: Frontline,XB,2002,Shooter,Electronic Arts,1,0.43,0,0.06,1.49
NCAA Football 2003,PS2,2002,Sports,Electronic Arts,1.16,0.08,0,0.19,1.44
Dead to Rights,PS2,2002,Shooter,Electronic Arts,0.67,0.52,0,0.17,1.36
Ty the Tasmanian Tiger,PS2,2002,Platform,Electronic Arts,0.57,0.45,0,0.15,1.17
Freekstyle,PS2,2002,Racing,Electronic Arts,0.52,0.41,0,0.14,1.06
NHL 2003,PS2,2002,Sports,Electronic Arts,0.46,0.36,0,0.12,0.93
Knockout Kings 2002,PS2,2002,Sports,Electronic Arts,0.45,0.35,0,0.12,0.91
Tiger Woods PGA Tour 2002,PS2,2002,Sports,Electronic Arts,0.44,0.35,0,0.12,0.9
James Bond 007: Agent Under Fire,XB,2002,Shooter,Electronic Arts,0.65,0.22,0,0.03,0.9
Triple Play 2002,PS2,2002,Sports,Electronic Arts,0.43,0.33,0,0.11,0.87
James Bond 007: Nightfire,XB,2002,Shooter,Electronic Arts,0.58,0.22,0,0.03,0.82
Need for Speed: Hot Pursuit 2,XB,2002,Racing,Electronic Arts,0.68,0.11,0,0.03,0.82
Need for Speed: Hot Pursuit 2,GC,2002,Racing,Electronic Arts,0.68,0.09,0,0.02,0.8
James Bond 007: Nightfire,GC,2002,Shooter,Electronic Arts,0.6,0.16,0,0.02,0.78
The Lord of the Rings: The Two Towers,GBA,2002,Action,Electronic Arts,0.53,0.2,0,0.01,0.74
James Bond 007: Agent Under Fire,GC,2002,Shooter,Electronic Arts,0.56,0.15,0,0.02,0.72
Dead to Rights,XB,2002,Shooter,Electronic Arts,0.53,0.17,0,0.03,0.72
The Lord of the Rings: The Two Towers,XB,2002,Action,Electronic Arts,0.45,0.24,0,0.03,0.71
Madden NFL 2003,XB,2002,Sports,Electronic Arts,0.67,0.02,0,0.03,0.71
Harry Potter and the Chamber of Secrets,GC,2002,Action,Electronic Arts,0.53,0.14,0,0.02,0.69
NCAA March Madness 2003,PS2,2002,Sports,Electronic Arts,0.32,0.25,0,0.08,0.66
FIFA Soccer 2003,XB,2002,Sports,Electronic Arts,0.2,0.4,0,0.04,0.63
Madden NFL 2003,GBA,2002,Sports,Electronic Arts,0.44,0.16,0,0.01,0.61
Medal of Honor: Frontline,GC,2002,Shooter,Electronic Arts,0.46,0.12,0,0.02,0.59
2002 FIFA World Cup,PS2,2002,Sports,Electronic Arts,0.21,0.17,0.16,0.06,0.59
The Lord of the Rings: The Two Towers,GC,2002,Action,Electronic Arts,0.41,0.11,0,0.01,0.53
NCAA Football 2003,XB,2002,Sports,Electronic Arts,0.39,0.11,0,0.02,0.52
Sled Storm,PS2,2002,Racing,Electronic Arts,0.22,0.17,0,0.06,0.45
Tiger Woods PGA Tour 2003,XB,2002,Sports,Electronic Arts,0.35,0.08,0,0.01,0.44
Madden NFL 2003,GC,2002,Sports,Electronic Arts,0.33,0.09,0,0.01,0.43
NBA Street,GC,2002,Sports,Electronic Arts,0.33,0.09,0,0.01,0.42
Harry Potter and the Chamber of Secrets,XB,2002,Action,Electronic Arts,0.27,0.08,0,0.01,0.36
NASCAR Thunder 2003,GC,2002,Racing,Electronic Arts,0.24,0.06,0,0.01,0.31
Ty the Tasmanian Tiger,GC,2002,Platform,Electronic Arts,0.21,0.05,0,0.01,0.27
NASCAR Thunder 2003,XB,2002,Racing,Electronic Arts,0.2,0.06,0,0.01,0.27
Knockout Kings 2002,XB,2002,Sports,Electronic Arts,0.2,0.06,0,0.01,0.27
Bionicle: Matoran Adventures,GBA,2002,Platform,Electronic Arts,0.18,0.07,0,0,0.26
Triple Play 2002,XB,2002,Sports,Electronic Arts,0.19,0.05,0,0.01,0.25
Buffy the Vampire Slayer,XB,2002,Action,Electronic Arts,0.18,0.05,0,0.01,0.23
Tiger Woods PGA Tour 2003,GC,2002,Sports,Electronic Arts,0.18,0.05,0,0.01,0.23
NCAA Football 2003,GC,2002,Sports,Electronic Arts,0.16,0.04,0,0.01,0.21
NHL 2003,XB,2002,Sports,Electronic Arts,0.15,0.04,0,0.01,0.21
2002 FIFA World Cup,XB,2002,Sports,Electronic Arts,0.14,0.04,0,0.01,0.19
Jikkyou Powerful Pro Yakyuu 9,PS2,2002,Sports,Konami Digital Entertainment,0,0,0.44,0,0.44
Power Pro Kun Pocket 4,GBA,2002,Sports,Konami Digital Entertainment,0,0,0.29,0.01,0.29
Motocross Maniacs Advance,GBA,2002,Racing,Konami Digital Entertainment,0.2,0.07,0,0,0.27
Yu-Gi-Oh! The Sacred Cards (JP weekly sales),GBA,2002,Role-Playing,Konami Digital Entertainment,0,0,0.26,0.01,0.27
Evolution Skateboarding,PS2,2002,Sports,Konami Digital Entertainment,0.13,0.1,0,0.03,0.26
Castlevania: Harmony of Dissonance,GBA,2002,Platform,Konami Digital Entertainment,0.16,0.06,0.04,0,0.26
Tennis no Oji-Sama: Genius Boys Academy,GBA,2002,Sports,Konami Digital Entertainment,0,0,0.24,0.01,0.25
Frogger's Adventures 2: The Lost Wand,GBA,2002,Adventure,Konami Digital Entertainment,0.14,0.05,0,0,0.19
K-1 World Grand Prix,PS2,2002,Sports,Konami Digital Entertainment,0.04,0.03,0.1,0.01,0.18
Silent Scope 3,PS2,2002,Shooter,Konami Digital Entertainment,0.08,0.06,0,0.02,0.16
Tennis no Oji-Sama: Aim at The Victory!,GBA,2002,Sports,Konami Digital Entertainment,0,0,0.14,0,0.14
Frogger Beyond,GC,2002,Platform,Konami Digital Entertainment,0.1,0.03,0,0,0.13
World Soccer Winning Eleven 2002,PS,2002,Sports,Konami Digital Entertainment,0,0,0.12,0.01,0.13
Jikkyou Powerful Pro Yakyuu 9,GC,2002,Sports,Konami Digital Entertainment,0,0,0.11,0,0.12
Contra Advance: The Alien Wars EX,GBA,2002,Shooter,Konami Digital Entertainment,0.08,0.03,0,0,0.11
Jikkyou Powerful Pro Yakyuu 9 Ketteiban,PS2,2002,Sports,Konami Digital Entertainment,0,0,0.09,0,0.09
Captain Tsubasa: Aratanaru Densetsu Joshou,PS,2002,Sports,Konami Digital Entertainment,0,0,0.08,0.01,0.09
Tokimeki Memorial: Girl's Side,PS2,2002,Adventure,Konami Digital Entertainment,0,0,0.08,0,0.08
Frogger Beyond,XB,2002,Platform,Konami Digital Entertainment,0.06,0.02,0,0,0.08
Disney Sports Skateboarding,GBA,2002,Sports,Konami Digital Entertainment,0.05,0.02,0,0,0.07
Hikaru no Go: Heian Gensou Ibunroku,PS,2002,Adventure,Konami Digital Entertainment,0,0,0.06,0,0.07
Frogger Advance: The Great Quest,GBA,2002,Action,Konami Digital Entertainment,0.05,0.02,0,0,0.07
Metal Gear Solid: Social Ops,PS2,2002,Action,Konami Digital Entertainment,0.03,0.02,0,0.01,0.06
Disney Sports Skateboarding,GC,2002,Sports,Konami Digital Entertainment,0.05,0.01,0,0,0.06
ESPN International Winter Sports 2002,PS2,2002,Sports,Konami Digital Entertainment,0.03,0.02,0,0.01,0.06
Rave Master,GC,2002,Fighting,Konami Digital Entertainment,0,0,0.05,0,0.05
ESPN International Winter Sports 2002,GC,2002,Sports,Konami Digital Entertainment,0.04,0.01,0,0,0.05
Evolution Skateboarding,GC,2002,Sports,Konami Digital Entertainment,0.03,0.01,0,0,0.04
Jikkyou World Soccer 2002,PS2,2002,Sports,Konami Digital Entertainment,0,0,0.04,0,0.04
Silent Scope,GBA,2002,Shooter,Konami Digital Entertainment,0.02,0.01,0,0,0.03
ESPN NBA 2Night 2002,PS2,2002,Sports,Konami Digital Entertainment,0.02,0.01,0,0,0.03
Disney Sports Soccer,GC,2002,Sports,Konami Digital Entertainment,0.03,0.01,0,0,0.03
Whiteout,XB,2002,Racing,Konami Digital Entertainment,0.02,0.01,0,0,0.03
ESPN Winter X Games: Snowboarding 2002,XB,2002,Sports,Konami Digital Entertainment,0.02,0.01,0,0,0.03
Disney Sports Soccer,GBA,2002,Sports,Konami Digital Entertainment,0.02,0.01,0,0,0.03
NBA Starting Five,XB,2002,Sports,Konami Digital Entertainment,0.02,0.01,0,0,0.02
AirForce Delta Storm,GBA,2002,Shooter,Konami Digital Entertainment,0.02,0.01,0,0,0.02
Evolution Snowboarding,PS2,2002,Sports,Konami Digital Entertainment,0.01,0.01,0,0,0.02
Whiteout,PS2,2002,Racing,Konami Digital Entertainment,0.01,0.01,0,0,0.02
ESPN MLS ExtraTime 2002,GC,2002,Sports,Konami Digital Entertainment,0.02,0,0,0,0.02
ESPN MLS ExtraTime 2002,XB,2002,Sports,Konami Digital Entertainment,0.01,0,0,0,0.02
ESPN NFL Primetime 2002,XB,2002,Sports,Konami Digital Entertainment,0.01,0,0,0,0.02
Disney Sports Basketball,GBA,2002,Sports,Konami Digital Entertainment,0.01,0,0,0,0.02
Disney Sports Football,GC,2002,Sports,Konami Digital Entertainment,0.01,0,0,0,0.02
WTA Tour Tennis,GBA,2002,Sports,Konami Digital Entertainment,0.01,0,0,0,0.02
WTA Tour Tennis,XB,2002,Sports,Konami Digital Entertainment,0.01,0,0,0,0.01
Rave Master: Special Attack Force!,GBA,2002,Fighting,Konami Digital Entertainment,0.01,0,0,0,0.01
ESPN NBA 2Night 2002,XB,2002,Sports,Konami Digital Entertainment,0.01,0,0,0,0.01
LEGO Island Xtreme Stunts,GBA,2002,Racing,LEGO Media,0.1,0.04,0,0,0.14
Fire Emblem: Fuuin no Tsurugi,GBA,2002,Role-Playing,Nintendo,0,0,0.39,0,0.39
Pac-Man World 2,GC,2002,Action,Nintendo,0.28,0.07,0,0.01,0.37
Hamtaro: Ham-Ham Heartbreak,GBA,2002,Action,Nintendo,0.26,0.1,0,0.01,0.36
NBA Courtside 2002,GC,2002,Sports,Nintendo,0.19,0.05,0,0.01,0.25
Disney's Magical Quest Starring Mickey and Minnie,GBA,2002,Action,Nintendo,0.16,0.06,0,0,0.22
Disney's Magical Mirror Starring Mickey Mouse,GC,2002,Adventure,Nintendo,0.15,0.04,0,0.01,0.19
Cubivore: Survival of the Fittest,GC,2002,Adventure,Nintendo,0.01,0,0.15,0,0.17
Doshin the Giant,GC,2002,Simulation,Nintendo,0,0,0.14,0,0.14
Million God,PS2,2002,Misc,Nippon Amuse,0,0,0.09,0,0.09
Lowrider,PS2,2002,Misc,Pacific Century Cyber Works,0.11,0.09,0.03,0.03,0.26
Phantom Crash,XB,2002,Simulation,Phantagram,0.03,0.01,0.01,0,0.05
Seek and Destroy,PS2,2002,Racing,Play It,0.52,0.4,0,0.14,1.06
Road Trip,PS2,2002,Racing,Play It,0.04,0.03,0,0.01,0.09
The King of Fighters 2000,PS2,2002,Fighting,Playmore,0,0,0.04,0,0.04
Natsuiro no Sunadokei,PS2,2002,Adventure,Princess Soft,0,0,0.02,0,0.02
Rocky,PS2,2002,Fighting,Rage Software,0.42,0.33,0,0.11,0.86
Rocky,XB,2002,Fighting,Rage Software,0.11,0.03,0,0.01,0.15
Gun Metal,XB,2002,Shooter,Rage Software,0.08,0.02,0,0,0.11
Rocky,GC,2002,Fighting,Rage Software,0.07,0.02,0,0,0.09
Totaled!,XB,2002,Racing,Rage Software,0.05,0.02,0,0,0.07
Smuggler's Run,GBA,2002,Racing,Rebellion,0.01,0,0,0,0.01
Guilty Gear X2,PS2,2002,Fighting,Sammy Corporation,0.09,0.07,0.16,0.02,0.35
Jissen Pachi-Slot Hisshouhou! Moujuu-Oh S,PS2,2002,Misc,Sammy Corporation,0,0,0.28,0,0.28
Jissen Pachi-Slot Hisshouhou! Aladdin A,PS2,2002,Misc,Sammy Corporation,0,0,0.2,0,0.2
Galerians: Ash,PS2,2002,Adventure,Sammy Corporation,0.03,0.03,0,0.01,0.07
Guilty Gear X: Advance Edition,GBA,2002,Fighting,Sammy Corporation,0.04,0.02,0,0,0.06
Conflict: Desert Storm,XB,2002,Shooter,SCi,0.48,0.37,0,0.02,0.87
Virtua Fighter 4,PS2,2002,Fighting,Sega,0.78,0.44,0.56,0.04,1.81
Sonic Advance 2,GBA,2002,Platform,Sega,0.93,0.59,0.21,0.07,1.8
NBA 2K2,PS2,2002,Sports,Sega,0.59,0.46,0.01,0.15,1.22
NBA 2K3,PS2,2002,Sports,Sega,0.51,0.4,0,0.13,1.05
Soccer Tsuku 2002: J-League Pro Soccer Club o Tsukurou!,PS2,2002,Sports,Sega,0,0,0.55,0,0.55
NFL 2K3,XB,2002,Sports,Sega,0.38,0.11,0,0.02,0.52
The House of The Dead III,XB,2002,Shooter,Sega,0.29,0.08,0,0.01,0.39
Headhunter,PS2,2002,Action,Sega,0.19,0.15,0,0.05,0.38
NBA 2K3,XB,2002,Sports,Sega,0.24,0.07,0,0.01,0.32
"Sakura Wars 4: Koi Seyo,Otome",DC,2002,Adventure,Sega,0,0,0.29,0,0.29
Panzer Dragoon Orta,XB,2002,Shooter,Sega,0.16,0.05,0.04,0.01,0.26
NCAA College Basketball 2K3,PS2,2002,Sports,Sega,0.12,0.09,0,0.03,0.24
World Series Baseball,XB,2002,Sports,Sega,0.17,0.05,0,0.01,0.23
NFL 2K3,GC,2002,Sports,Sega,0.17,0.04,0,0.01,0.22
JSRF: Jet Set Radio Future,XB,2002,Action,Sega,0.13,0.04,0.03,0.01,0.21
NHL 2K3,PS2,2002,Sports,Sega,0.1,0.08,0,0.03,0.21
Crazy Taxi 3: High Roller,XB,2002,Racing,Sega,0.14,0.04,0.02,0.01,0.2
NBA 2K2,XB,2002,Sports,Sega,0.15,0.04,0,0.01,0.2
Sega GT 2002,XB,2002,Racing,Sega,0.12,0.03,0.03,0.01,0.19
NFL 2K2,XB,2002,Sports,Sega,0.13,0.04,0,0.01,0.18
SEGA Bass Fishing Duel,PS2,2002,Sports,Sega,0.09,0.07,0,0.02,0.17
Backyard Baseball,PS2,2004,Sports,Atari,0.24,0.19,0,0.06,0.49
Godzilla: Save the Earth,PS2,2004,Fighting,Atari,0.23,0.18,0,0.06,0.47
Atari Anthology,PS2,2004,Misc,Atari,0.33,0.01,0,0.05,0.4
RollerCoaster Tycoon 3,PC,2004,Strategy,Atari,0.01,0.22,0,0.05,0.28
Dragon Ball Z: Budokai 2,GC,2004,Fighting,Atari,0.21,0.06,0,0.01,0.27
Duel Masters,PS2,2004,Strategy,Atari,0.13,0.1,0,0.03,0.27
Atari Anthology,XB,2004,Misc,Atari,0.19,0.05,0,0.01,0.25
Test Drive: Eve of Destruction,PS2,2004,Racing,Atari,0.11,0.09,0,0.03,0.23
Duel Masters: Kaijudo Showdown,GBA,2004,Misc,Atari,0.16,0.06,0,0,0.22
Unreal II: The Awakening,XB,2004,Shooter,Atari,0.17,0.04,0,0.01,0.21
Beyblade G-Revolution,GBA,2004,Action,Atari,0.15,0.05,0,0,0.2
Forgotten Realms: Demon Stone,PS2,2004,Action,Atari,0.1,0.08,0,0.03,0.2
Trivial Pursuit unhinged,PS2,2004,Misc,Atari,0.09,0.07,0,0.02,0.19
Backyard Basketball,GBA,2004,Sports,Atari,0.13,0.05,0,0,0.18
Terminator 3: The Redemption,PS2,2004,Shooter,Atari,0.08,0.06,0,0.02,0.17
Shadow Ops: Red Mercury,XB,2004,Shooter,Atari,0.11,0.03,0,0.01,0.15
Godzilla: Save the Earth,XB,2004,Fighting,Atari,0.1,0.03,0,0,0.14
Dead Man's Hand,XB,2004,Shooter,Atari,0.09,0.02,0,0,0.11
Yu Yu Hakusho: Tournament Tactics,GBA,2004,Strategy,Atari,0.08,0.03,0,0,0.11
Digimon Rumble Arena 2,PS2,2004,Fighting,Atari,0.05,0.04,0,0.01,0.09
Trivial Pursuit unhinged,XB,2004,Misc,Atari,0.07,0.02,0,0,0.09
Test Drive: Eve of Destruction,XB,2004,Racing,Atari,0.07,0.02,0,0,0.09
Forgotten Realms: Demon Stone,XB,2004,Action,Atari,0.06,0.02,0,0,0.09
Terminator 3: The Redemption,XB,2004,Shooter,Atari,0.05,0.01,0,0,0.06
Backyard Skateboarding 2006,GBA,2004,Sports,Atari,0.04,0.02,0,0,0.06
Digimon Rumble Arena 2,GC,2004,Fighting,Atari,0.03,0.01,0,0,0.04
Asterix & Obelix: Kick Buttix,PS2,2004,Action,Atari,0.02,0.01,0,0,0.03
Neverwinter Nights Diamond,PC,2004,Role-Playing,Atari,0,0.02,0,0,0.03
Terminator 3: The Redemption,GC,2004,Shooter,Atari,0.02,0,0,0,0.02
Digimon Rumble Arena 2,XB,2004,Fighting,Atari,0.01,0,0,0,0.02
Unreal Tournament 2004,PC,2004,Shooter,Atari,0,0.01,0,0,0.02
Mission: Impossible - Operation Surma,GC,2004,Platform,Atari,0.01,0,0,0,0.02
Duel Masters: Shadow of the Code,GBA,2004,Misc,Atari,0.01,0,0,0,0.01
River City Ransom EX,GBA,2004,Action,Atlus,0.05,0.02,0,0,0.07
Pro Fishing Challenge,XB,2004,Sports,Atlus,0.02,0,0,0,0.02
Fallout: Brotherhood of Steel,PS2,2004,Role-Playing,Avalon Interactive,0.03,0.03,0,0.01,0.07
Fallout: Brotherhood of Steel,XB,2004,Role-Playing,Avalon Interactive,0.04,0.01,0,0,0.05
Carmen Sandiego: The Secret of the Stolen Drums,PS2,2004,Action,BAM! Entertainment,0.03,0.02,0,0.01,0.06
Carmen Sandiego: The Secret of the Stolen Drums,XB,2004,Action,BAM! Entertainment,0.02,0.01,0,0,0.02
Carmen Sandiego: The Secret of the Stolen Drums,GC,2004,Action,BAM! Entertainment,0.02,0,0,0,0.02
Super Robot Taisen MX,PS2,2004,Strategy,Banpresto,0,0,0.5,0,0.5
Konjiki no Gashbell!! Makai no Bookmark,GBA,2004,Adventure,Banpresto,0,0,0.25,0.01,0.26
Ultraman Fighting Evolution 3,PS2,2004,Fighting,Banpresto,0,0,0.01,0,0.01
IHRA Professional Drag Racing 2005,PS2,2004,Racing,Bethesda Softworks,0.09,0.07,0,0.02,0.19
IHRA Professional Drag Racing 2005,XB,2004,Racing,Bethesda Softworks,0.04,0.01,0,0,0.06
The Incredible Hulk: Ultimate Destruction,GC,2005,Action,Vivendi Games,0.11,0.03,0,0,0.15
Barbie Superpack: Secret Agent / Groovy Games,GBA,2005,Misc,Vivendi Games,0.1,0.04,0,0,0.15
Robots,DS,2005,Action,Vivendi Games,0.12,0.01,0,0.01,0.14
Crash Tag Team Racing,XB,2005,Racing,Vivendi Games,0.09,0.03,0,0,0.13
Crash Superpack: Crash Bandicoot 2: N-Tranced / Crash Nitro Kart,GBA,2005,Misc,Vivendi Games,0.09,0.03,0,0,0.12
Cold Winter,PS2,2005,Shooter,Vivendi Games,0.06,0.04,0,0.01,0.11
Predator: Concrete Jungle,XB,2005,Action,Vivendi Games,0.07,0.02,0,0,0.1
Robots,XB,2005,Action,Vivendi Games,0.07,0.02,0,0,0.09
Barbie and the Magic of Pegasus,GBA,2005,Action,Vivendi Games,0.07,0.02,0,0,0.09
Red Ninja: End of Honor,PS2,2005,Action,Vivendi Games,0.02,0.02,0,0.01,0.04
Empire Earth II,PC,2005,Strategy,Vivendi Games,0,0.03,0,0,0.03
SWAT 4,PC,2005,Shooter,Vivendi Games,0,0.02,0,0,0.03
Red Ninja: End of Honor,XB,2005,Action,Vivendi Games,0.01,0,0,0,0.02
Top Gear RPM Tuning,XB,2005,Racing,Wanadoo,0.01,0,0,0,0.02
Friends: The One with All the Trivia,PS2,2005,Misc,Warner Bros. Interactive Entertainment,0.03,0.02,0,0.01,0.06
Big Mutha Truckers 2,PS2,2005,Racing,Xplosiv,0.1,0.07,0,0.03,0.2
DT Racer,PS2,2005,Racing,XS Games,0.06,0.05,0,0.02,0.13
D1 Professional Drift Grand Prix Series,PS2,2005,Racing,Yuke's,0.01,0.01,0,0,0.03
Cabela's Outdoor Adventures (2006),PS2,2005,Sports,Zoo Digital Publishing,0.17,0.14,0,0.05,0.35
Risk / Battleship / Clue,GBA,2005,Misc,Zoo Digital Publishing,0.25,0.09,0,0.01,0.34
Connect Four / Perfection / Trouble,GBA,2005,Misc,Zoo Digital Publishing,0.19,0.07,0,0,0.27
Sorry! / Aggravation / Scrabble Junior,GBA,2005,Misc,Zoo Digital Publishing,0.18,0.07,0,0,0.25
CandyLand / Chutes & Ladders / Memory,GBA,2005,Misc,Zoo Digital Publishing,0.15,0.05,0,0,0.2
The Game of Life / Yahtzee / Payday,GBA,2005,Misc,Zoo Digital Publishing,0.13,0.05,0,0,0.18
American Chopper 2: Full Throttle,PS2,2005,Racing,Zoo Digital Publishing,0.09,0.07,0,0.02,0.18
Paperboy / Rampage,GBA,2005,Misc,Zoo Digital Publishing,0.1,0.04,0,0,0.13
Pac-Man Pinball Advance,GBA,2005,Misc,Zoo Digital Publishing,0.08,0.03,0,0,0.11
Pac-Man World 2,GBA,2005,Action,Zoo Digital Publishing,0.08,0.03,0,0,0.11
Cabela's Outdoor Adventures,XB,2005,Sports,Zoo Digital Publishing,0.08,0.02,0,0,0.1
Ford Racing 3,DS,2005,Racing,Zoo Digital Publishing,0.09,0,0,0.01,0.1
Snood 2: On Vacation,DS,2005,Puzzle,Zoo Digital Publishing,0.09,0,0,0.01,0.09
Whac-A-Mole,DS,2005,Puzzle,Zoo Digital Publishing,0.07,0,0,0.01,0.08
Pong / Asteroids / Yars' Revenge,GBA,2005,Misc,Zoo Digital Publishing,0.05,0.02,0,0,0.07
Combat: Task Force 121,XB,2005,Shooter,Zoo Digital Publishing,0.05,0.02,0,0,0.07
Centipede / Breakout / Warlords,GBA,2005,Misc,Zoo Digital Publishing,0.05,0.02,0,0,0.07
Ford Racing 3,GBA,2005,Racing,Zoo Digital Publishing,0.04,0.02,0,0,0.06
Scrabble Blast!,GBA,2005,Misc,Zoo Digital Publishing,0.04,0.01,0,0,0.06
Ty the Tasmanian Tiger 3: Night of the Quinkan,GBA,2005,Action,Zoo Digital Publishing,0.04,0.01,0,0,0.05
American Chopper 2: Full Throttle,XB,2005,Racing,Zoo Digital Publishing,0.04,0.01,0,0,0.05
Millipede / Super Breakout / Lunar Lander,GBA,2005,Misc,Zoo Digital Publishing,0.03,0.01,0,0,0.04
Chicken Shoot,GBA,2005,Action,Zoo Digital Publishing,0.03,0.01,0,0,0.04
Big Mutha Truckers,GBA,2005,Racing,Zoo Digital Publishing,0.03,0.01,0,0,0.04
Chicken Shoot 2,GBA,2005,Adventure,Zoo Digital Publishing,0.02,0.01,0,0,0.03
Marble Madness / Klax,GBA,2005,Puzzle,Zoo Digital Publishing,0.02,0.01,0,0,0.03
Gauntlet / Rampart,GBA,2005,Misc,Zoo Digital Publishing,0.02,0.01,0,0,0.03
Spy Hunter / Super Sprint,GBA,2005,Racing,Zoo Digital Publishing,0.02,0.01,0,0,0.02
Ty the Tasmanian Tiger 3: Night of the Quinkan,XB,2005,Action,Zoo Digital Publishing,0.02,0.01,0,0,0.02
Whac-A-Mole,GBA,2005,Puzzle,Zoo Digital Publishing,0.01,0,0,0,0.01
Snood 2: On Vacation,GBA,2005,Puzzle,Zoo Digital Publishing,0.01,0,0,0,0.01
Pirates: Legend of the Black Buccaneer,PS2,2006,Adventure,10TACLE Studios,0.01,0.01,0,0,0.02
Cooking Mama,DS,2006,Simulation,505 Games,3.13,1.94,0.07,0.58,5.72
Wild ARMs 5,PS2,2006,Role-Playing,505 Games,0.14,0.11,0,0.04,0.28
Armored Core 4,PS3,2006,Simulation,505 Games,0.09,0,0.09,0.01,0.2
World Championship Poker: Howard Lederer - All In,PSP,2006,Misc,505 Games,0.13,0,0,0.01,0.14
Master Jin Jin's IQ Challenge,DS,2006,Misc,505 Games,0.13,0,0,0.01,0.14
Bust-A-Move Deluxe,PSP,2006,Puzzle,505 Games,0.13,0,0,0.01,0.14
Wild ARMs 5 (jp sales),PS2,2006,Role-Playing,505 Games,0,0,0.12,0,0.12
Touch Detective,DS,2006,Adventure,505 Games,0.06,0.03,0,0.01,0.1
Ar tonelico: Melody of Elemia,PS2,2006,Role-Playing,505 Games,0,0,0.1,0,0.1
Riviera: The Promised Land,PSP,2006,Role-Playing,505 Games,0.07,0,0.02,0.01,0.09
Chameleon,PSP,2006,Puzzle,505 Games,0.07,0,0,0.01,0.08
Deep Labyrinth,DS,2006,Action,505 Games,0.06,0,0,0,0.07
Shin Chan: Las Nuevas Aventuras Para Wii!,Wii,2006,Action,505 Games,0,0,0.07,0,0.07
Raw Danger! (JP sales),PS2,2006,Action,505 Games,0,0,0.06,0,0.06
Top Gun,DS,2006,Simulation,505 Games,0.04,0,0,0,0.04
Tony Hawk's Project 8,PSP,2006,Sports,Activision,0.41,0.08,0,0.07,0.56
Rapala Tournament Fishing!,Wii,2006,Sports,Activision,0.51,0,0,0.04,0.56
Over the Hedge,PS2,2006,Platform,Activision,0.45,0.02,0,0.07,0.54
Tony Hawk's Project 8,X360,2006,Sports,Activision,0.44,0.02,0,0.04,0.49
X-Men: The Official Game,PS2,2006,Action,Activision,0.2,0.16,0,0.05,0.41
Marvel: Ultimate Alliance,Wii,2006,Role-Playing,Activision,0.37,0.01,0,0.03,0.41
Marvel: Ultimate Alliance,PS3,2006,Role-Playing,Activision,0.33,0.02,0,0.04,0.39
Marvel: Ultimate Alliance,PSP,2006,Role-Playing,Activision,0.33,0,0,0.03,0.37
Over the Hedge,GC,2006,Platform,Activision,0.27,0.07,0,0.01,0.35
Over the Hedge,DS,2006,Platform,Activision,0.25,0.01,0,0.02,0.28
Over the Hedge,GBA,2006,Platform,Activision,0.19,0.07,0,0,0.27
Tony Hawk's Downhill Jam,DS,2006,Sports,Activision,0.2,0,0,0.02,0.22
X-Men: The Official Game,X360,2006,Action,Activision,0.16,0.01,0,0.01,0.17
World Series of Poker: Tournament of Champions 2007 Edition,X360,2006,Misc,Activision,0.15,0,0,0.01,0.16
X-Men: The Official Game,GC,2006,Action,Activision,0.12,0.03,0,0,0.15
The History Channel: Civil War - A Nation Divided,X360,2006,Shooter,Activision,0.13,0,0,0.01,0.14
Over the Hedge: Hammy Goes Nuts!,DS,2006,Platform,Activision,0.12,0,0,0.01,0.13
Shrek Smash n' Crash Racing,GC,2006,Racing,Activision,0.1,0.03,0,0,0.13
Cabela's Alaskan Adventure,X360,2006,Sports,Activision,0.12,0,0,0.01,0.13
Spider-Man: Battle for New York,DS,2006,Platform,Activision,0.12,0,0,0.01,0.13
Pimp My Ride,X360,2006,Racing,Activision,0.1,0.01,0,0.01,0.11
World Series of Poker: Tournament of Champions 2007 Edition,PSP,2006,Misc,Activision,0.1,0,0,0.01,0.11
X-Men: The Official Game,DS,2006,Action,Activision,0.1,0,0,0.01,0.11
X-Men: The Official Game,XB,2006,Action,Activision,0.08,0.02,0,0,0.1
Over the Hedge,XB,2006,Platform,Activision,0.07,0.02,0,0,0.1
Shrek Smash n' Crash Racing,PSP,2006,Racing,Activision,0.08,0,0,0.01,0.09
X-Men: The Official Game,GBA,2006,Action,Activision,0.05,0.02,0,0,0.07
Miami Vice: The Game,PSP,2006,Shooter,Activision,0.06,0,0,0,0.06
Greg Hastings' Tournament Paintball Max'd,GBA,2006,Shooter,Activision,0.02,0.01,0,0,0.03
The Hustle: Detroit Streets,XB,2006,Sports,Activision,0.01,0,0,0,0.02
LEGO Star Wars II: The Original Trilogy,PC,2006,Action,Activision,0,0.01,0,0,0.02
Marvel: Ultimate Alliance,PC,2006,Role-Playing,Activision,0.01,0,0,0,0.01
Greg Hastings' Tournament Paintball Max'd,PS2,2006,Shooter,Activision,0.01,0,0,0,0.01
Cabela's African Safari,X360,2006,Sports,Activision Value,0.13,0,0,0.01,0.14
Cabela's Dangerous Hunts: Ultimate Challenge,PSP,2006,Sports,Activision Value,0.06,0,0,0,0.06
Cabela's African Safari,PSP,2006,Sports,Activision Value,0.04,0,0,0,0.05
Parfait: Chocolat Second Style,PS2,2006,Adventure,Alchemist,0.59,0.46,0.01,0.15,1.22
Aria: The Natural ~Tooi Yume no Mirage~,PS2,2006,Adventure,Alchemist,0,0,0.02,0,0.02
Utawarerumono: Chiriyukusha e no Komoriuta,PS2,2006,Adventure,Aqua Plus,0,0,0.11,0,0.11
Yoake Yori Ruriiro na: Brighter than Dawning Blue,PS2,2006,Adventure,Aria,0,0,0.07,0,0.07
Tenshou Gakuen Gekkouroku,PS2,2006,Adventure,Asmik Ace Entertainment,0,0,0.04,0,0.04
Dragon Ball Z: Budokai Tenkaichi 2,PS2,2006,Fighting,Atari,0.66,0.02,0,0.11,0.79
Thrillville,PS2,2006,Strategy,Atari,0.55,0.02,0,0.09,0.66
Dragon Ball Z: Shin Budokai,PSP,2006,Fighting,Atari,0.26,0.08,0.13,0.07,0.55
Super Dragon Ball Z,PS2,2006,Fighting,Atari,0.09,0.07,0.19,0.02,0.37
Test Drive Unlimited,X360,2006,Racing,Atari,0.23,0.04,0.02,0.03,0.32
Dragon Ball Z: Budokai Tenkaichi 2,Wii,2006,Fighting,Atari,0.24,0.03,0,0.02,0.3
Driver: Parallel Lines,PS2,2006,Racing,Atari,0.12,0.1,0.03,0.03,0.28
Thrillville,PSP,2006,Strategy,Atari,0.18,0,0,0.02,0.2
Naruto: Ultimate Ninja Heroes 2 - The Phantom Fortress,PSP,2006,Fighting,Atari,0.14,0,0,0.01,0.16
Bullet Witch,X360,2006,Shooter,Atari,0.07,0.01,0.02,0.01,0.1
Point Blank DS (JP sales),DS,2006,Shooter,Atari,0,0,0.07,0,0.07
Driver: Parallel Lines,XB,2006,Racing,Atari,0.05,0.01,0,0,0.07
Mercury Meltdown,PSP,2006,Action,Atari,0.05,0.01,0,0.01,0.06
Blade Dancer: Lineage of Light,PSP,2006,Role-Playing,Atari,0.05,0,0,0,0.06
Point Blank DS (US sales),DS,2006,Shooter,Atari,0.05,0,0,0,0.06
GunPey,PSP,2006,Puzzle,Atari,0.05,0,0,0.01,0.06
Marc Ecko's Getting Up: Contents Under Pressure,PS2,2006,Action,Atari,0.03,0.02,0,0.01,0.05
GunPey DS,DS,2006,Puzzle,Atari,0.04,0,0,0,0.05
Battlezone,PSP,2006,Shooter,Atari,0.02,0,0,0,0.03
Neverwinter Nights 2,PC,2006,Role-Playing,Atari,0,0.02,0,0,0.03
Totally Spies! 2: Undercover,DS,2006,Action,Atari,0.01,0.01,0,0,0.02
Dragon Ball Z: Buu's Fury / Dragon Ball GT: Transformation,GBA,2006,Action,Atari,0.01,0.01,0,0,0.02
Tycoon City: New York,PC,2006,Strategy,Atari,0,0.02,0,0,0.02
25 to Life,PS2,2006,Shooter,Eidos Interactive,0.35,0.01,0,0.06,0.42
Hitman: Blood Money,X360,2006,Action,Eidos Interactive,0.29,0.06,0.01,0.03,0.4
Tomb Raider: Legend,X360,2006,Action,Eidos Interactive,0.27,0.08,0.01,0.03,0.39
Justice League Heroes,PSP,2006,Role-Playing,Eidos Interactive,0.2,0.01,0,0.02,0.22
25 to Life,XB,2006,Shooter,Eidos Interactive,0.12,0.04,0,0.01,0.17
Just Cause,X360,2006,Action,Eidos Interactive,0.1,0.03,0.01,0.01,0.14
Hitman: Blood Money,XB,2006,Action,Eidos Interactive,0.11,0.03,0,0.01,0.14
Tomb Raider: Legend,XB,2006,Action,Eidos Interactive,0.1,0.03,0,0,0.13
Bionicle Heroes,GC,2006,Shooter,Eidos Interactive,0.08,0.02,0,0,0.11
Justice League Heroes,DS,2006,Role-Playing,Eidos Interactive,0.08,0,0,0.01,0.09
Tomb Raider: Legend,GC,2006,Action,Eidos Interactive,0.06,0.02,0,0,0.08
Tomb Raider: Legend,DS,2006,Action,Eidos Interactive,0.04,0.02,0,0.01,0.07
Bionicle Heroes,X360,2006,Shooter,Eidos Interactive,0.05,0.01,0,0.01,0.07
Escape from Bug Island,Wii,2006,Action,Eidos Interactive,0.04,0.01,0.01,0,0.06
Bionicle Heroes,DS,2006,Shooter,Eidos Interactive,0.06,0,0,0,0.06
Commandos: Strike Force,PS2,2006,Shooter,Eidos Interactive,0.03,0.02,0,0.01,0.06
Urban Chaos: Riot Response,PS2,2006,Shooter,Eidos Interactive,0.03,0.02,0,0.01,0.06
Rogue Trooper,PS2,2006,Shooter,Eidos Interactive,0.02,0.02,0,0.01,0.04
Hitman: Blood Money,PC,2006,Action,Eidos Interactive,0,0.03,0,0.01,0.04
Justice League Heroes: The Flash,GBA,2006,Action,Eidos Interactive,0.02,0.01,0,0,0.03
Commandos: Strike Force,XB,2006,Shooter,Eidos Interactive,0.02,0,0,0,0.02
Urban Chaos: Riot Response,XB,2006,Shooter,Eidos Interactive,0.01,0,0,0,0.02
Tomb Raider: Legend,PC,2006,Action,Eidos Interactive,0,0.01,0,0,0.02
Rogue Trooper,XB,2006,Shooter,Eidos Interactive,0.01,0,0,0,0.02
Madden NFL 07,DS,2006,Sports,Electronic Arts,0.2,0,0,0.02,0.22
Need for Speed Carbon: Own the City,DS,2006,Racing,Electronic Arts,0.17,0.02,0,0.02,0.21
Untold Legends: Dark Kingdom,PS3,2006,Role-Playing,Electronic Arts,0.14,0.02,0.02,0.02,0.2
Tiger Woods PGA Tour 07,XB,2006,Sports,Electronic Arts,0.13,0.05,0,0.01,0.19
FIFA Soccer 07,GC,2006,Sports,Electronic Arts,0.14,0.04,0,0,0.18
NHL 07,PSP,2006,Sports,Electronic Arts,0.13,0.02,0,0.02,0.17
FIFA Street 2,PSP,2006,Sports,Electronic Arts,0.07,0.06,0,0.03,0.15
Arena Football,XB,2006,Sports,Electronic Arts,0.11,0.03,0,0.01,0.15
FIFA World Cup Germany 2006,GC,2006,Sports,Electronic Arts,0.1,0.03,0,0,0.13
NFL Head Coach,XB,2006,Sports,Electronic Arts,0.09,0.03,0,0,0.12
NASCAR 07,PS2,2006,Racing,Electronic Arts,0.06,0.04,0,0.01,0.11
FIFA Street 2,GC,2006,Sports,Electronic Arts,0.09,0.02,0,0,0.11
EA Replay,PSP,2006,Action,Electronic Arts,0.09,0,0,0.01,0.11
The Godfather: Mob Wars,PSP,2006,Action,Electronic Arts,0.09,0.01,0,0.01,0.11
FIFA World Cup Germany 2006,PSP,2006,Sports,Electronic Arts,0.1,0,0,0.01,0.11
NASCAR,PSP,2006,Racing,Electronic Arts,0.09,0,0,0.01,0.1
Def Jam Fight For NY: The Takeover,PSP,2006,Action,Electronic Arts,0.08,0,0,0.01,0.09
From Russia With Love,PSP,2006,Action,Electronic Arts,0.07,0.01,0,0.01,0.08
FIFA Street 2,XB,2006,Sports,Electronic Arts,0.06,0.02,0,0,0.08
Superman Returns,DS,2006,Action,Electronic Arts,0.07,0,0,0.01,0.08
FIFA Soccer 07,DS,2006,Sports,Electronic Arts,0.05,0.01,0,0,0.06
The Lord of the Rings: The Battle for Middle-Earth II,X360,2006,Strategy,Electronic Arts,0,0.05,0,0.01,0.06
NBA Live 07,XB,2006,Sports,Electronic Arts,0.04,0.01,0,0,0.06
Major League Baseball 2K8,PS3,2008,Sports,Bethesda Softworks,0.28,0,0,0.02,0.31
Major League Baseball 2K8,PS2,2008,Sports,Bethesda Softworks,0.07,0.06,0,0.02,0.15
Barnyard Blast: Swine of the Night,DS,2008,Platform,Big Ben Interactive,0.02,0,0,0,0.02
Agatha Christie: Death on the Nile,PC,2008,Adventure,Big Fish Games,0,0.01,0,0,0.02
SBK Superbike World Championship,PS3,2008,Racing,Black Bean Games,0.12,0.11,0,0.02,0.25
SBK Superbike World Championship,X360,2008,Racing,Black Bean Games,0.06,0.14,0,0.01,0.21
Corvette Evolution GT,DS,2008,Racing,Black Bean Games,0.1,0,0,0.01,0.1
SBK Superbike World Championship,PS2,2008,Racing,Black Bean Games,0.01,0.01,0,0,0.02
SBK Superbike World Championship,PSP,2008,Racing,Black Bean Games,0.01,0,0,0,0.01
Casper's Scare School: Classroom Capers,DS,2008,Adventure,Blast! Entertainment Ltd,0.02,0,0,0,0.02
The Tale of Despereaux,PS2,2008,Platform,Brash Entertainment,0.17,0.13,0,0.04,0.35
Six Flags Fun Park,DS,2008,Misc,Brash Entertainment,0.17,0,0,0.01,0.18
Space Chimps,PS2,2008,Platform,Brash Entertainment,0.06,0.05,0,0.02,0.12
Space Chimps,X360,2008,Platform,Brash Entertainment,0.1,0,0,0.01,0.11
Space Chimps,Wii,2008,Platform,Brash Entertainment,0.08,0,0,0.01,0.09
The Tale of Despereaux,DS,2008,Platform,Brash Entertainment,0.06,0,0,0,0.07
Space Chimps,DS,2008,Platform,Brash Entertainment,0.05,0,0,0,0.06
The Tale of Despereaux,Wii,2008,Platform,Brash Entertainment,0.04,0,0,0,0.04
Shinseiki Evangelion Ayanami Ikusei Keikaku DS with Asuka Hokan Keikaku,DS,2008,Simulation,Broccoli,0,0,0.03,0,0.03
Monster Hunter Freedom Unite,PSP,2008,Role-Playing,Capcom,0.47,0.57,4.13,0.34,5.5
Devil May Cry 4,PS3,2008,Action,Capcom,0.58,0.46,0.34,0.21,1.59
Devil May Cry 4,X360,2008,Action,Capcom,0.79,0.34,0.08,0.13,1.35
Lost Planet: Extreme Condition,PS3,2008,Shooter,Capcom,0.31,0.17,0.07,0.09,0.64
Okami,Wii,2008,Action,Capcom,0.45,0.1,0.04,0.05,0.64
Mega Man Star Force 3: Black Ace / Red Joker,DS,2008,Action,Capcom,0.22,0,0.22,0.02,0.47
MotoGP 08,PS3,2008,Racing,Capcom,0.07,0.24,0,0.08,0.39
MotoGP 08,X360,2008,Racing,Capcom,0.11,0.2,0,0.04,0.35
Resident Evil Archives: Resident Evil,Wii,2008,Action,Capcom,0.17,0.04,0.08,0.02,0.32
Neopets Puzzle Adventure,DS,2008,Puzzle,Capcom,0.26,0,0,0.02,0.29
Resident Evil Archives: Resident Evil Zero,Wii,2008,Action,Capcom,0.14,0.04,0.06,0.02,0.25
Neopets Puzzle Adventure,Wii,2008,Puzzle,Capcom,0.19,0.02,0,0.02,0.23
MotoGP 08,PS2,2008,Racing,Capcom,0.01,0,0,0.21,0.22
Onimusha Essentials,PS2,2008,Action,Capcom,0.07,0.05,0,0.02,0.14
Fate/Unlimited Codes,PS2,2008,Fighting,Capcom,0,0,0.14,0,0.14
Sally's Salon,DS,2008,Simulation,Capcom,0.12,0,0,0.01,0.13
Harvey Birdman: Attorney at Law,PS2,2008,Adventure,Capcom,0.06,0.04,0,0.01,0.12
Tatsunoko vs. Capcom: Cross Generation of Heroes,Wii,2008,Fighting,Capcom,0,0,0.1,0,0.1
Harvey Birdman: Attorney at Law,PSP,2008,Adventure,Capcom,0.08,0,0,0.01,0.09
Harvey Birdman: Attorney at Law,Wii,2008,Adventure,Capcom,0.08,0,0,0.01,0.09
Tropix,DS,2008,Puzzle,Capcom,0.06,0,0,0,0.07
Fate/Tiger Colosseum Upper,PSP,2008,Fighting,Capcom,0,0,0.06,0,0.06
Sengoku Basara X,PS2,2008,Fighting,Capcom,0,0,0.05,0,0.05
Phoenix Wright: Revived Turnabout,DS,2008,Misc,Capcom,0,0,0.04,0,0.04
Devil May Cry 4,PC,2008,Action,Capcom,0.01,0.02,0,0.01,0.04
Rosario to Vampire: Tanabata no Miss Youkai Gakuen,DS,2008,Adventure,Capcom,0,0,0.01,0,0.01
Princess Debut,DS,2008,Misc,Cave,0.1,0,0,0.01,0.1
Igor: The Game,Wii,2008,Adventure,CDV Software Entertainment,0.09,0,0,0.01,0.1
My Little Baby,DS,2008,Simulation,CDV Software Entertainment,0,0.01,0,0,0.01
Dance! It's Your Stage,Wii,N/A,Misc,DTP Entertainment,0,0.01,0,0,0.02
Hitman 2: Silent Assassin,XB,N/A,Action,Eidos Interactive,0.76,0.38,0,0.05,1.19
Legacy of Kain: Soul Reaver,PS,N/A,Action,Eidos Interactive,0.58,0.4,0,0.07,1.04
Madden NFL 2004,PS2,N/A,Sports,Electronic Arts,4.26,0.26,0.01,0.71,5.23
FIFA Soccer 2004,PS2,N/A,Sports,Electronic Arts,0.59,2.36,0.04,0.51,3.49
Rock Band,X360,N/A,Misc,Electronic Arts,1.93,0.34,0,0.21,2.48
Rock Band,PS3,N/A,Misc,Electronic Arts,0.99,0.41,0,0.22,1.62
NBA Street Vol. 2,GC,N/A,Sports,Electronic Arts,0.41,0.11,0,0.01,0.54
Tiger Woods PGA Tour 07,Wii,N/A,Sports,Electronic Arts,0.43,0,0,0.04,0.47
NBA Live 2003,XB,N/A,Sports,Electronic Arts,0.31,0.04,0,0.01,0.36
Tornado,DS,N/A,Action,Ignition Entertainment,0.07,0,0,0,0.07
Alone in the Dark: The New Nightmare,PS,N/A,Adventure,Infogrames,0.09,0.06,0,0.01,0.16
Tropico 4,X360,N/A,Strategy,Kalypso Media,0.2,0.13,0,0.03,0.36
Port Royale 3,PS3,N/A,Simulation,Kalypso Media,0.06,0,0,0.01,0.07